title,price_gbp,price_inr,rating
"The Inefficiency Assassin: Time Management Tactics for Working Smarter, Not Longer",20.59,2172.245,5
Shakespeare's Sonnets,20.66,2179.63,4
In the Country We Love: My Family Divided,22.0,2321.0,4
America's Cradle of Quarterbacks: Western Pennsylvania's Football Factory from Johnny Unitas to Joe Montana,22.5,2373.75,3
The Boys in the Boat: Nine Americans and Their Epic Quest for Gold at the 1936 Berlin Olympics,22.6,2384.3,4
The Requiem Red,22.65,2389.575,1
#HigherSelfie: Wake Up Your Life. Free Your Soul. Find Your Tribe.,23.11,2438.105,5
The Elephant Tree,23.82,2513.01,5
Olio,23.88,2519.3399999999997,1
"The Mindfulness and Acceptance Workbook for Anxiety: A Guide to Breaking Free from Anxiety, Phobias, and Worry Using Acceptance and Commitment Therapy",23.89,2520.395,4
"Saga, Volume 6 (Saga (Collected Editions) #6)",25.02,2639.61,3
Chase Me (Paris Nights #2),25.27,2665.985,5
"Unbound: How Eight Technologies Made Us Human, Transformed Society, and Brought Our World to the Brink",25.52,2692.36,1
Reasons to Stay Alive,26.41,2786.255,2
"Foolproof Preserving: A Guide to Small Batch Jams, Jellies, Pickles, Condiments, and More: A Foolproof Guide to Making Small Batch Jams, Jellies, Pickles, Condiments, and More",30.52,3219.86,3
The Five Love Languages: How to Express Heartfelt Commitment to Your Mate,31.05,3275.775,3
Throwing Rocks at the Google Bus: How Growth Became the Enemy of Prosperity,31.12,3283.1600000000003,3
When We Collided,31.77,3351.735,1
The Activist's Tao Te Ching: Ancient Advice for a Modern Revolution,32.24,3401.32,5
Penny Maybe,33.29,3512.095,3
The Dirty Little Secrets of Getting Your Dream Job,33.34,3517.3700000000003,4
My Paris Kitchen: Recipes and Stories,33.37,3520.535,2
You can't bury them all: Poems,33.63,3547.965,2
Black Dust,34.53,3642.915,5
Rip it Up and Start Again,35.02,3694.61,5
Join,35.67,3763.1850000000004,5
"Political Suicide: Missteps, Peccadilloes, Bad Calls, Backroom Hijinx, Sordid Pasts, Rotten Breaks, and Just Plain Dumb Mistakes in the Annals of American Politics",36.28,3827.54,2
The Bear and the Piano,36.89,3891.895,1
The Gutsy Girl: Escapades for Your Life of Epic Adventure,37.13,3917.215,1
How Music Works,37.32,3937.26,2
Mesaerion: The Best Science Fiction Stories 1800-1849,37.59,3965.7450000000003,1
The Nameless City (The Nameless City #1),38.16,4025.8799999999997,4
Security,39.25,4140.875,2
Soul Reader,39.58,4175.69,2
