title,price_gbp,rating,category_name
Slow States of Collapse: Poems,57.31,3,Poetry
The Past Never Ends,56.5,4,Mystery
Sapiens: A Brief History of Humankind,54.23,5,History
The Black Maria,52.15,1,Poetry
A Light in the Attic,51.77,3,Poetry
Sharp Objects,47.82,4,Mystery
"Political Suicide: Missteps, Peccadilloes, Bad Calls, Backroom Hijinx, Sordid Pasts, Rotten Breaks, and Just Plain Dumb Mistakes in the Annals of American Politics",36.28,2,History
You can't bury them all: Poems,33.63,2,Poetry
"Unbound: How Eight Technologies Made Us Human, Transformed Society, and Brought Our World to the Brink",25.52,1,History
Olio,23.88,1,Poetry
Shakespeare's Sonnets,20.66,4,Poetry
The Age of Genius: The Seventeenth Century and the Birth of the Modern Mind,19.73,1,History
"In a Dark, Dark Wood",19.63,1,Mystery
Untitled Collection: Sabbath Poems 2014,14.27,4,Poetry
